阿里郎,石锅肥牛饭,0,1,0,0,1,0,0
阿里郎,石锅腌制猪颈肉饭,0,0,0,0,1,0,0
阿里郎,韩式蛋包饭,0,1,0,0,1,0,0
阿里郎,餐蛋辛拉面,0,1,0,0,0,1,0
阿里郎,紫菜卷包饭,0,1,0,0,1,0,0
阿里郎,石锅腌五花肉饭,0,0,0,0,1,0,0
阿里郎,石锅铁板培根饭,0,0,0,0,1,0,0
阿里郎,韩式泡菜饭,0,0,0,0,1,0,0
阿里郎,韩式冷面,0,0,0,0,0,1,0
阿里郎,石锅芝士拌饭,0,0,0,0,1,0,0
阿里郎,石锅咖喱鸡肉饭,0,1,0,0,1,0,0
阿里郎,韩式牛肉饭,0,1,0,0,1,0,0
阿里郎,韩式肥牛乌冬面,0,1,0,0,0,1,0
港式煲仔饭,秘制酱鸭煲仔饭,0,0,0,0,1,0,0
港式煲仔饭,巴西烤肉煲仔饭,0,0,1,0,1,0,0
港式煲仔饭,精烤鸡腿煲仔饭,0,1,1,0,1,0,0
港式煲仔饭,冰火鱼排煲仔饭,0,1,0,1,1,0,0
港式煲仔饭,黑椒鸡扒煲仔饭,1,1,0,0,1,0,0
港式煲仔饭,茶香鹅肉煲仔饭,0,1,0,0,1,0,0
港式煲仔饭,冬菇滑鸡煲仔饭,0,1,0,0,1,0,0
港式煲仔饭,香酥翅根煲仔饭,0,0,1,0,1,0,0
港式煲仔饭,秘制五花肉煲仔饭,0,1,0,0,1,0,0
港式煲仔饭,法式牛排煲仔饭,0,1,0,0,1,0,0
港式煲仔饭,黄焖猪脚煲仔饭,0,0,1,0,1,0,0
港式煲仔饭,孜然田鸡煲仔饭,1,0,1,0,1,0,0
脆香鸡拌饭,沙拉脆皮鸡饭,0,0,1,0,1,0,0
脆香鸡拌饭,蜜汁脆皮鸡饭,0,0,1,0,1,0,0
脆香鸡拌饭,香辣脆皮鸡饭,1,0,1,0,1,0,0
脆香鸡拌饭,黑椒脆皮鸡饭,0,0,1,0,1,0,0
脆香鸡拌饭,番茄脆皮鸡饭,0,0,1,0,1,0,0
脆香鸡拌饭,糖醋脆皮鸡饭,0,0,1,0,1,0,0
脆香鸡拌饭,酱香脆皮鸡饭,0,0,1,0,1,0,0
脆香鸡拌饭,咖喱脆皮鸡饭,0,0,1,0,1,0,0
脆香鸡拌饭,沙拉烤肉拌饭,0,1,1,0,1,0,0
脆香鸡拌饭,蜜汁烤肉拌饭,0,1,1,0,1,0,0
脆香鸡拌饭,香辣烤肉拌饭,1,1,1,0,1,0,0
脆香鸡拌饭,黑椒烤肉拌饭,0,1,1,0,1,0,0
脆香鸡拌饭,番茄烤肉拌饭,0,1,1,0,1,0,0
脆香鸡拌饭,糖醋烤肉拌饭,0,1,1,0,1,0,0
脆香鸡拌饭,酱香烤肉拌饭,0,1,1,0,1,0,0
脆香鸡拌饭,咖喱烤肉拌饭,0,1,1,0,1,0,0
桂林米粉,桂林米粉,0,1,0,0,0,0,1
桂林米粉,卤味叉烧粉,0,1,0,0,0,0,1
桂林米粉,脆皮锅烧粉,0,0,0,0,0,0,1
桂林米粉,桂林汤粉,0,1,0,0,0,0,1
桂林米粉,原味螺狮粉,0,1,0,0,0,0,1
桂林米粉,叉烧螺狮粉,0,1,0,0,0,0,1
桂林米粉,脆皮螺狮粉,0,1,0,0,0,0,1
桂林米粉,肉沫螺狮粉,0,1,0,0,0,0,1
桂林米粉,卤味叉烧面,0,1,0,0,0,1,0
桂林米粉,脆皮锅烧面,0,1,0,0,0,1,0
桂林米粉,原味螺狮面,0,1,0,0,0,1,0
桂林米粉,脆皮螺狮面,0,1,0,0,0,1,0
桂林米粉,肉沫螺狮面,0,1,0,0,0,1,0